{ 
"规则名": "ed3000",
    "规则作者": "古月",
    "请求头参数": "User-Agent$手机#Referer$https://www.ed3000.com",
    "网页编码格式": "UTF-8",
    "图片是否需要代理": "0",
    "是否开启获取首页数据": "1",
    "首页推荐链接": "https://www.ed3000.com",
    "首页列表数组规则": "body&&.movie_top&&ul",
    "首页片单列表数组规则": "li",
    "首页片单是否Jsoup写法": "1",
    "首页片单标题": "a&&Text",
    "首页片单链接": "a&&href",
    "首页片单图片": "img&&src",
    "首页片单副标题": "span&&Text",
    "首页片单链接加前缀": "https://www.ed3000.com",
    "首页片单链接加后缀": "",
    "搜索请求头参数": "User-Agent$MOBILE_UA",
    "搜索链接": "https://www.ed3000.com/aliyunpan_video/{wd}-1-0.html",
    "POST请求数据": "",
    "搜索截取模式": "1",
    "搜索列表数组规则": "body&&.resource-item-wrap:has(img[src$=dir.png])",
    "搜索片单是否Jsoup写法": "1",
    "搜索片单图片": "img&&src",
    "搜索片单标题": "h3&&Text",
    "搜索片单链接": "a&&href",
    "搜索片单副标题": ".meta-item&&Text",
    "搜索片单链接加前缀": "https://www.ed3000.com",
    "搜索片单链接加后缀": "",
    "链接是否直接播放": "0",
    "直接播放链接加前缀": "",
    "直接播放链接加后缀": "",
    "直接播放直链视频请求头": "",
    "详情是否Jsoup写法": "1",
    "类型详情": "",
    "年代详情": "",
    "地区详情": "",
    "演员详情": "",
    "简介详情": "",
    "线路列表数组规则": "",
    "线路标题": "",
    "播放列表数组规则": "body",
    "选集列表数组规则": "a[href^=https://www.ali]",
    "选集标题链接是否Jsoup写法": "1",
    "选集标题": "a&&Text",
    "选集链接": "a&&href!?ref=ed3000.com",
    "是否反转选集序列": "0",
    "选集链接加前缀": "",
    "选集链接加后缀": "",
    "分析MacPlayer": "0",
    "是否开启手动嗅探": "0",
    "手动嗅探视频链接关键词": ".mp4#.m3u8#.flv#video/tos",
    "手动嗅探视频链接过滤词": ".html#?http"
    }