{"搜索请求头参数": "User-Agent$PC_UA#Referer$https://www.yingso.fun/",
"搜索链接": "https://ys.api.yingso.fun/v3/ali/search;post",
"POST请求数据": "{\"pageNum\":1,\"pageSize\":30,\"title\":\"{wd}\",\"root\":0,\"cat\":\"all\"}",
"搜索截取模式": "0",
"搜索列表数组规则": "data",
"搜索片单是否Jsoup写法": "1",
"搜索片单图片": "",
"搜索片单标题": "title",
"搜索片单链接": "key",
"搜索片单副标题": "",
"搜索片单链接加前缀": "https://www.aliyundrive.com/s/",
"搜索片单链接加后缀": ""
}