    {
    
    "作者":"天天开心",
    
    "站名":"1080",
    
    "主页url":"https://www.1080.ee/",
    
    "简介":"【天天开心】提醒您请勿相信影片中的广告，以免上当受骗！+<span class=\"detail-content\" style=*>&&</span>",
    
    "影片状态":"状态：&&</p>",
    
    "搜索url":"/search.php;post;searchword={wd}",

    "分类url":"https://www.1080.ee/vodtype/{cateId}/index{catePg}.html[https://www.1080.ee/vodtype/{cateId}.html];;k",
    
    "分类":"电影$1#电视剧$2#综艺$3#动漫$20"}