{
    "规则名": "量子影视",
    "规则作者": "香雅情",
    "请求头参数": "User-Agent$MOBILE_UA",
    "网页编码格式": "UTF-8",
    "图片是否需要代理": "0",
    "是否开启获取首页数据": "1",
    "首页推荐链接": "http://www.lzizy9.com",
    "首页列表数组规则": "body&&.module-items:has(.module-item-pic)",
    "首页片单列表数组规则": ".module-item:not(:contains(伦理))",
    "首页片单是否Jsoup写法": "1",
    "分类起始页码": "1",
    //"分类链接": "https://lzi888.com/index.php/vod/show/id/{cateId}/page/{catePg}.html",
    "分类链接": "http://www.lzizy9.com/index.php/vod/show/by/{by}/id/{cateId}/page/{catePg}/year/{year}.html",
    "分类名称": "电影&电视剧&综艺&动漫&短剧",
    //"分类名称替换词": "1&2&3&4",
    "分类名称替换词": "1&2&4&3&38",
    //"筛选数据": {},
    "筛选数据": "ext",
    //{cateId}
    "筛选子分类名称": "动作片&喜剧片&科幻片&恐怖片&爱情片&剧情片&战争片&记录片&预告片||国产剧&欧美剧&香港剧&韩国剧&日本剧&台湾剧&泰国剧&海外剧&短剧||大陆综艺&日韩综艺&欧美综艺&港台综艺||国产动漫&日韩动漫&欧美动漫&港台动漫&海外动漫",
    "筛选子分类替换词": "6&7&8&9&10&11&12&20&45||13&14&15&16&23&22&25&24&38||31&33&34&32||26&27&28&29&30||38",
    //{class}
    "筛选类型名称": "",
    "筛选类型替换词": "*",
    //{area}
    "筛选地区名称": "",
    "筛选地区替换词": "*",
    //{year}
    "筛选年份名称": "",
    "筛选年份替换词": "*",
    //{lang}
    "筛选语言名称": "",
    "筛选语言替换词": "*",
    //{by}
    "筛选排序名称": "时间&人气&评分",
    "筛选排序替换词": "time&hits&score",
    "分类截取模式": "1",
    "分类列表数组规则": "body&&.module-item:not(:contains(伦理))",
    "分类片单是否Jsoup写法": "1",
    "分类片单标题": "a&&title",
    "分类片单链接": "a&&href",
    "分类片单图片": ".lazyloaded||.lazyload&&data-src||data-original",
    "分类片单副标题": ".module-item-text||.module-item-note&&Text",
    "分类片单链接加前缀": "http://www.lzizy9.com",
    "分类片单链接加后缀": "",
    "搜索请求头参数": "User-Agent$MOBILE_UA",
    //"搜索链接": "https://lzi888.com/index.php/vod/search.html?wd={wd}",
    "搜索链接": "http://www.lzizy9.com/index.php/vod/search.html?wd={wd}",
    "POST请求数据": "",
    "搜索截取模式": "1",
    "搜索列表数组规则": "body&&.module-search-item:not(:contains(伦理))||.module-card-item:not(:contains(伦理))",
    "搜索片单是否Jsoup写法": "1",
    "搜索片单图片": ".lazyload&&data-src||data-original",
    "搜索片单标题": ".module-card-item-title||h3&&Text",
    "搜索片单链接": ".module-card-item-title||h3&&a&&href",
    "搜索片单副标题": ".video-serial||.module-item-note&&Text",
    "搜索片单链接加前缀": "http://www.lzizy9.com",
    "搜索片单链接加后缀": "",
    "链接是否直接播放": "0",
    "直接播放链接加前缀": "",
    "直接播放链接加后缀": "#isVideo=true#",
    "直接播放直链视频请求头": "",
    "详情是否Jsoup写法": "1",
    "类型详情": "",
    "年代详情": "",
    "地区详情": "",
    "演员详情": "body&&.video-info-items:contains(主演：)||.module-info-item:contains(主演：)&&Text!主演：",
    "简介详情": ".module-info-introduction||.video-info-content&&Text",
    "线路列表数组规则": ".module-tab-content||.module-tab-items-box&&.module-tab-item",
    "线路标题": "Text",
    "播放列表数组规则": "body&&.module-player-list||.module-play-list",
    "选集列表数组规则": ".scroll-content||.module-play-list-content&&a",
    "选集标题链接是否Jsoup写法": "1",
    "选集标题": "a&&Text",
    "选集链接": "a&&href",
    "是否反转选集序列": "0",
    "选集链接加前缀": "http://www.lzizy9.com",
    "选集链接加后缀": "",
    "分析MacPlayer": "2",
    "是否开启手动嗅探": "0",
    "手动嗅探视频链接关键词": ".mp4#.m3u8#.flv#video/tos",
    "手动嗅探视频链接过滤词": ".html#=http"
}