    {
    
    "作者":"天天开心",
    
    "站名":"看客影视",
    
    "主页url":"http://www.kanke.cc/Search/",
    
    "简介":"⚠️特别提醒您⚠️请勿相信影片中的广告，以免上当受骗❗️+剧情介绍：&&</p >",   
    "导演":"导演：&&</p>",
    
    "主演":"主演：&&</p>",
     
    "线路数组":"<h3 class=\"title\">&&/h3>",
    
    "线路标题":"&&",
  
    
    "分类url":"http://www.kanke.cc/Type/{cateId}-{catePg}/",
    
    "分类":"剧库$1#影库$24#番剧$4#记录$3#综艺$20"}